kljuc_igre,kljuc_zaloznika,zaloznik
1,5551,Microsoft Game Studios
87,5551,Microsoft Game Studios
5779,5551,Microsoft Game Studios
184,5551,Microsoft Game Studios
784,5551,Microsoft Game Studios
790,5551,Microsoft Game Studios
7184,5551,Microsoft Game Studios
3778,5551,Microsoft Game Studios
3778,5551,Microsoft Game Studios
7237,5551,Microsoft Game Studios
6645,5551,Microsoft Game Studios
5198,5551,Microsoft Game Studios
5730,5551,Microsoft Game Studios
5780,5551,Microsoft Game Studios
7259,5551,Microsoft Game Studios
7279,5551,Microsoft Game Studios
11565,5551,Microsoft Game Studios
7381,5551,Microsoft Game Studios
5753,5551,Microsoft Game Studios
11186,5551,Microsoft Game Studios
6872,5551,Microsoft Game Studios
5803,5551,Microsoft Game Studios
21,5551,Microsoft Game Studios
42519,5551,Microsoft Game Studios
909,5551,Microsoft Game Studios
14986,5551,Microsoft Game Studios
11626,5551,Microsoft Game Studios
13845,5551,Microsoft Game Studios
49,5551,Microsoft Game Studios
615,5551,Microsoft Game Studios
14117,5551,Microsoft Game Studios
13582,5551,Microsoft Game Studios
8,5552,Electronic Arts
11,5552,Electronic Arts
177,5552,Electronic Arts
616,5552,Electronic Arts
29,5552,Electronic Arts
494,5552,Electronic Arts
5715,5552,Electronic Arts
739,5552,Electronic Arts
2465,5552,Electronic Arts
291,5552,Electronic Arts
3133,5552,Electronic Arts
6305,5552,Electronic Arts
292,5552,Electronic Arts
843,5552,Electronic Arts
792,5552,Electronic Arts
2330,5552,Electronic Arts
738,5552,Electronic Arts
822,5552,Electronic Arts
2356,5552,Electronic Arts
732,5552,Electronic Arts
805,5552,Electronic Arts
5572,5552,Electronic Arts
2343,5552,Electronic Arts
7386,5552,Electronic Arts
3949,5552,Electronic Arts
884,5552,Electronic Arts
6907,5552,Electronic Arts
6295,5552,Electronic Arts
3993,5552,Electronic Arts
4174,5552,Electronic Arts
2192,5552,Electronic Arts
5715,5552,Electronic Arts
3690,5552,Electronic Arts
3988,5552,Electronic Arts
2468,5552,Electronic Arts
5111,5552,Electronic Arts
7866,5552,Electronic Arts
5654,5552,Electronic Arts
5768,5552,Electronic Arts
10460,5552,Electronic Arts
6765,5552,Electronic Arts
6909,5552,Electronic Arts
5936,5552,Electronic Arts
7238,5552,Electronic Arts
5769,5552,Electronic Arts
12205,5552,Electronic Arts
12206,5552,Electronic Arts
7844,5552,Electronic Arts
7852,5552,Electronic Arts
7853,5552,Electronic Arts
11558,5552,Electronic Arts
5931,5552,Electronic Arts
7848,5552,Electronic Arts
12606,5552,Electronic Arts
8090,5552,Electronic Arts
7843,5552,Electronic Arts
7170,5552,Electronic Arts
8885,5552,Electronic Arts
11805,5552,Electronic Arts
9098,5552,Electronic Arts
8522,5552,Electronic Arts
7432,5552,Electronic Arts
12986,5552,Electronic Arts
8626,5552,Electronic Arts
8908,5552,Electronic Arts
26471,5552,Electronic Arts
9999,5552,Electronic Arts
7984,5552,Electronic Arts
9228,5552,Electronic Arts
10508,5552,Electronic Arts
10390,5552,Electronic Arts
14573,5552,Electronic Arts
9498,5552,Electronic Arts
13326,5552,Electronic Arts
14898,5552,Electronic Arts
8704,5552,Electronic Arts
40834,5552,Electronic Arts
19264,5552,Electronic Arts
13678,5552,Electronic Arts
13704,5552,Electronic Arts
11896,5552,Electronic Arts
20768,5552,Electronic Arts
11149,5552,Electronic Arts
12044,5552,Electronic Arts
10483,5552,Electronic Arts
11064,5552,Electronic Arts
11801,5552,Electronic Arts
11670,5552,Electronic Arts
11705,5552,Electronic Arts
78880,5552,Electronic Arts
11326,5552,Electronic Arts
11697,5552,Electronic Arts
11515,5552,Electronic Arts
12288,5552,Electronic Arts
10698,5552,Electronic Arts
12207,5552,Electronic Arts
12063,5552,Electronic Arts
16525,5552,Electronic Arts
11709,5552,Electronic Arts
11945,5552,Electronic Arts
12432,5552,Electronic Arts
13590,5552,Electronic Arts
13705,5552,Electronic Arts
13861,5552,Electronic Arts
10498,5552,Electronic Arts
14897,5552,Electronic Arts
17813,5552,Electronic Arts
12162,5552,Electronic Arts
12301,5552,Electronic Arts
94393,5552,Electronic Arts
11928,5552,Electronic Arts
15277,5552,Electronic Arts
3724,5552,Electronic Arts
3982,5552,Electronic Arts
15621,5552,Electronic Arts
16576,5552,Electronic Arts
13031,5552,Electronic Arts
13037,5552,Electronic Arts
13990,5552,Electronic Arts
12161,5552,Electronic Arts
89,5552,Electronic Arts
15996,5552,Electronic Arts
17595,5552,Electronic Arts
13591,5552,Electronic Arts
17594,5552,Electronic Arts
13875,5552,Electronic Arts
18894,5552,Electronic Arts
19419,5552,Electronic Arts
34382,5552,Electronic Arts
19593,5552,Electronic Arts
7847,5552,Electronic Arts
13706,5552,Electronic Arts
78882,5552,Electronic Arts
13857,5552,Electronic Arts
7849,5552,Electronic Arts
16728,5552,Electronic Arts
16049,5552,Electronic Arts
16729,5552,Electronic Arts
13880,5552,Electronic Arts
7867,5552,Electronic Arts
5974,5553,Nintendo
6676,5553,Nintendo
165,5553,Nintendo
11668,5553,Nintendo
15568,5553,Nintendo
15569,5553,Nintendo
20,5556,Microsoft
790,5556,Microsoft
848,5556,Microsoft
7477,5556,Microsoft
7678,5556,Microsoft
5754,5556,Microsoft
33872,5556,Microsoft
8842,5556,Microsoft
19328,5556,Microsoft
32181,5556,Microsoft
909,5556,Microsoft
6,5556,Microsoft
12296,5556,Microsoft
15659,5556,Microsoft
7453,5557,Namco Bandai
9885,5557,Namco Bandai
12338,5557,Namco Bandai
17788,5557,Namco Bandai
15,5558,Ubisoft
300,5558,Ubisoft
103,5558,Ubisoft
746,5558,Ubisoft
747,5558,Ubisoft
835,5558,Ubisoft
849,5558,Ubisoft
882,5558,Ubisoft
3981,5558,Ubisoft
1707,5558,Ubisoft
3426,5558,Ubisoft
5106,5558,Ubisoft
816,5558,Ubisoft
2609,5558,Ubisoft
5747,5558,Ubisoft
4179,5558,Ubisoft
6901,5558,Ubisoft
4182,5558,Ubisoft
4000,5558,Ubisoft
4179,5558,Ubisoft
4178,5558,Ubisoft
4206,5558,Ubisoft
3755,5558,Ubisoft
4553,5558,Ubisoft
4552,5558,Ubisoft
7271,5558,Ubisoft
7723,5558,Ubisoft
5379,5558,Ubisoft
7859,5558,Ubisoft
8524,5558,Ubisoft
5839,5558,Ubisoft
5727,5558,Ubisoft
6741,5558,Ubisoft
4190,5558,Ubisoft
11344,5558,Ubisoft
11471,5558,Ubisoft
11523,5558,Ubisoft
6309,5558,Ubisoft
11948,5558,Ubisoft
7178,5558,Ubisoft
12080,5558,Ubisoft
6739,5558,Ubisoft
7672,5558,Ubisoft
7727,5558,Ubisoft
5917,5558,Ubisoft
12447,5558,Ubisoft
7857,5558,Ubisoft
11522,5558,Ubisoft
13302,5558,Ubisoft
6776,5558,Ubisoft
11814,5558,Ubisoft
7682,5558,Ubisoft
9582,5558,Ubisoft
26245,5558,Ubisoft
7858,5558,Ubisoft
32046,5558,Ubisoft
9344,5558,Ubisoft
9225,5558,Ubisoft
16872,5558,Ubisoft
9662,5558,Ubisoft
17392,5558,Ubisoft
10316,5558,Ubisoft
10803,5558,Ubisoft
8520,5558,Ubisoft
8802,5558,Ubisoft
9998,5558,Ubisoft
9895,5558,Ubisoft
18747,5558,Ubisoft
18810,5558,Ubisoft
11263,5558,Ubisoft
10421,5558,Ubisoft
11416,5558,Ubisoft
10506,5558,Ubisoft
11478,5558,Ubisoft
12020,5558,Ubisoft
11482,5558,Ubisoft
11548,5558,Ubisoft
76200,5558,Ubisoft
16152,5558,Ubisoft
16317,5558,Ubisoft
8816,5558,Ubisoft
8951,5558,Ubisoft
16562,5558,Ubisoft
11851,5558,Ubisoft
11953,5558,Ubisoft
17395,5558,Ubisoft
18790,5558,Ubisoft
19868,5558,Ubisoft
14373,5558,Ubisoft
11927,5558,Ubisoft
12946,5558,Ubisoft
16283,5558,Ubisoft
12899,5558,Ubisoft
4186,5558,Ubisoft
107806,5558,Ubisoft
12839,5558,Ubisoft
113730,5558,Ubisoft
31650,5558,Ubisoft
16019,5558,Ubisoft
16020,5558,Ubisoft
13254,5558,Ubisoft
17393,5558,Ubisoft
13348,5558,Ubisoft
16305,5558,Ubisoft
17579,5558,Ubisoft
33032,5558,Ubisoft
12772,5558,Ubisoft
17559,5558,Ubisoft
124242,5558,Ubisoft
6738,5558,Ubisoft
73147,5558,Ubisoft
7272,5558,Ubisoft
18320,5558,Ubisoft
15892,5558,Ubisoft
16378,5558,Ubisoft
89159,5558,Ubisoft
19307,5558,Ubisoft
92749,5558,Ubisoft
16874,5558,Ubisoft
79231,5558,Ubisoft
10,5559,2K Games
626,5559,2K Games
4980,5559,2K Games
758,5559,2K Games
910,5559,2K Games
5380,5559,2K Games
906,5559,2K Games
5582,5559,2K Games
4980,5559,2K Games
7735,5559,2K Games
5658,5559,2K Games
5781,5559,2K Games
6953,5559,2K Games
6851,5559,2K Games
4037,5559,2K Games
10220,5559,2K Games
7669,5559,2K Games
11069,5559,2K Games
11480,5559,2K Games
7385,5559,2K Games
6342,5559,2K Games
8820,5559,2K Games
12203,5559,2K Games
9004,5559,2K Games
12164,5559,2K Games
9581,5559,2K Games
10440,5559,2K Games
11068,5559,2K Games
11024,5559,2K Games
57704,5559,2K Games
71434,5559,2K Games
11022,5559,2K Games
11913,5559,2K Games
11057,5559,2K Games
22805,5559,2K Games
10505,5559,2K Games
11919,5559,2K Games
147,5559,2K Games
11912,5559,2K Games
79407,5559,2K Games
11914,5559,2K Games
11916,5559,2K Games
56291,5559,2K Games
12155,5559,2K Games
11073,5559,2K Games
11895,5559,2K Games
13933,5559,2K Games
17260,5559,2K Games
124669,5559,2K Games
13036,5559,2K Games
18065,5559,2K Games
4545,55510,Capcom
31,55510,Capcom
14,55510,Capcom
13,55510,Capcom
53,55510,Capcom
5336,55510,Capcom
4567,55510,Capcom
22,55510,Capcom
54,55510,Capcom
378,55510,Capcom
401,55510,Capcom
5762,55510,Capcom
803,55510,Capcom
5796,55510,Capcom
3712,55510,Capcom
3731,55510,Capcom
4568,55510,Capcom
3729,55510,Capcom
3728,55510,Capcom
7161,55510,Capcom
3754,55510,Capcom
3726,55510,Capcom
5184,55510,Capcom
2783,55510,Capcom
3740,55510,Capcom
2384,55510,Capcom
7502,55510,Capcom
3754,55510,Capcom
3686,55510,Capcom
4545,55510,Capcom
4567,55510,Capcom
3727,55510,Capcom
1491,55510,Capcom
3730,55510,Capcom
7995,55510,Capcom
6906,55510,Capcom
7187,55510,Capcom
7826,55510,Capcom
4788,55510,Capcom
5182,55510,Capcom
5762,55510,Capcom
3741,55510,Capcom
8152,55510,Capcom
5796,55510,Capcom
6142,55510,Capcom
3687,55510,Capcom
5773,55510,Capcom
5318,55510,Capcom
6644,55510,Capcom
5183,55510,Capcom
10395,55510,Capcom
5941,55510,Capcom
7152,55510,Capcom
5286,55510,Capcom
7027,55510,Capcom
11310,55510,Capcom
6879,55510,Capcom
8076,55510,Capcom
6744,55510,Capcom
11950,55510,Capcom
12246,55510,Capcom
9273,55510,Capcom
9393,55510,Capcom
9404,55510,Capcom
6881,55510,Capcom
28067,55510,Capcom
14684,55510,Capcom
28377,55510,Capcom
29119,55510,Capcom
9087,55510,Capcom
10253,55510,Capcom
16013,55510,Capcom
12197,55510,Capcom
9338,55510,Capcom
9088,55510,Capcom
34165,55510,Capcom
34284,55510,Capcom
8448,55510,Capcom
12901,55510,Capcom
11027,55510,Capcom
14697,55510,Capcom
10364,55510,Capcom
8553,55510,Capcom
10697,55510,Capcom
9063,55510,Capcom
11967,55510,Capcom
9392,55510,Capcom
10346,55510,Capcom
13988,55510,Capcom
15818,55510,Capcom
12028,55510,Capcom
55,55510,Capcom
26016,55510,Capcom
11979,55510,Capcom
11675,55510,Capcom
45267,55510,Capcom
983,55510,Capcom
11934,55510,Capcom
23328,55510,Capcom
15816,55510,Capcom
3607,55510,Capcom
32096,55510,Capcom
13498,55510,Capcom
16484,55510,Capcom
4201,55510,Capcom
12103,55510,Capcom
15819,55510,Capcom
12118,55510,Capcom
4676,55510,Capcom
16507,55510,Capcom
17020,55510,Capcom
12468,55510,Capcom
5102,55510,Capcom
408,55510,Capcom
13364,55510,Capcom
15814,55510,Capcom
5120,55510,Capcom
14820,55510,Capcom
15817,55510,Capcom
14687,55510,Capcom
13312,55510,Capcom
13775,55510,Capcom
19071,55510,Capcom
16864,55510,Capcom
15815,55510,Capcom
92905,55510,Capcom
527,55511,Square Enix
35,55511,Square Enix
788,55511,Square Enix
1987,55511,Square Enix
869,55511,Square Enix
891,55511,Square Enix
4979,55511,Square Enix
7992,55511,Square Enix
8982,55511,Square Enix
9692,55511,Square Enix
11412,55511,Square Enix
12147,55511,Square Enix
12145,55511,Square Enix
8977,55511,Square Enix
6932,55511,Square Enix
12107,55511,Square Enix
8157,55511,Square Enix
9995,55511,Square Enix
19372,55511,Square Enix
10606,55511,Square Enix
20775,55511,Square Enix
14285,55511,Square Enix
11564,55511,Square Enix
26652,55511,Square Enix
8133,55511,Square Enix
11260,55511,Square Enix
86261,55511,Square Enix
12146,55511,Square Enix
10705,55511,Square Enix
11802,55511,Square Enix
32083,55511,Square Enix
17454,55511,Square Enix
11891,55511,Square Enix
18959,55511,Square Enix
13989,55511,Square Enix
12062,55511,Square Enix
15633,55511,Square Enix
12951,55511,Square Enix
22645,55511,Square Enix
15070,55511,Square Enix
12069,55511,Square Enix
13963,55511,Square Enix
116503,55511,Square Enix
15071,55511,Square Enix
14148,55511,Square Enix
567,55512,Squaresoft
8981,55512,Squaresoft
115391,55513,Valve Corporation
8984,55514,Sony
9401,55514,Sony
5312,55515,Sega
71,55515,Sega
69,55515,Sega
3706,55515,Sega
4192,55515,Sega
6534,55515,Sega
3707,55515,Sega
2771,55515,Sega
3743,55515,Sega
964,55515,Sega
6341,55515,Sega
3705,55515,Sega
6302,55515,Sega
3704,55515,Sega
5313,55515,Sega
8110,55515,Sega
4524,55515,Sega
3410,55515,Sega
10211,55515,Sega
6996,55515,Sega
5034,55515,Sega
6359,55515,Sega
10320,55515,Sega
6999,55515,Sega
7351,55515,Sega
6755,55515,Sega
6314,55515,Sega
11961,55515,Sega
6871,55515,Sega
8178,55515,Sega
7145,55515,Sega
8922,55515,Sega
9503,55515,Sega
9226,55515,Sega
12347,55515,Sega
34602,55515,Sega
10193,55515,Sega
10216,55515,Sega
7806,55515,Sega
11840,55515,Sega
11545,55515,Sega
23059,55515,Sega
11218,55515,Sega
29124,55515,Sega
618,55515,Sega
11882,55515,Sega
10866,55515,Sega
13118,55515,Sega
12018,55515,Sega
14540,55515,Sega
12345,55515,Sega
27266,55515,Sega
13905,55515,Sega
110597,55515,Sega
12520,55515,Sega
88868,55515,Sega
972,55516,Codemasters
2356,55516,Codemasters
805,55516,Codemasters
8523,55516,Codemasters
7197,55516,Codemasters
15615,55516,Codemasters
11566,55516,Codemasters
15614,55516,Codemasters
19419,55516,Codemasters
182,55517,Rockstar Games
26,55517,Rockstar Games
2409,55517,Rockstar Games
3580,55517,Rockstar Games
6357,55517,Rockstar Games
6315,55517,Rockstar Games
756,55517,Rockstar Games
6993,55517,Rockstar Games
757,55517,Rockstar Games
3945,55517,Rockstar Games
5799,55517,Rockstar Games
3949,55517,Rockstar Games
3946,55517,Rockstar Games
7611,55517,Rockstar Games
3950,55517,Rockstar Games
5801,55517,Rockstar Games
7187,55517,Rockstar Games
2402,55517,Rockstar Games
4736,55517,Rockstar Games
4564,55517,Rockstar Games
6315,55517,Rockstar Games
3714,55517,Rockstar Games
10593,55517,Rockstar Games
6790,55517,Rockstar Games
6992,55517,Rockstar Games
5028,55517,Rockstar Games
5800,55517,Rockstar Games
7702,55517,Rockstar Games
7500,55517,Rockstar Games
11156,55517,Rockstar Games
7729,55517,Rockstar Games
12253,55517,Rockstar Games
6791,55517,Rockstar Games
12460,55517,Rockstar Games
6792,55517,Rockstar Games
23603,55517,Rockstar Games
8705,55517,Rockstar Games
16548,55517,Rockstar Games
34285,55517,Rockstar Games
10597,55517,Rockstar Games
18605,55517,Rockstar Games
10641,55517,Rockstar Games
10520,55517,Rockstar Games
7822,55517,Rockstar Games
12067,55517,Rockstar Games
12254,55517,Rockstar Games
10521,55517,Rockstar Games
8701,55517,Rockstar Games
766,55517,Rockstar Games
12773,55517,Rockstar Games
12066,55517,Rockstar Games
13762,55517,Rockstar Games
2120,55517,Rockstar Games
18692,55517,Rockstar Games
5120,55517,Rockstar Games
123730,55517,Rockstar Games
121258,55517,Rockstar Games
765,55517,Rockstar Games
767,55517,Rockstar Games
14739,55517,Rockstar Games
13449,55517,Rockstar Games
7700,55517,Rockstar Games
86,55519,Sony Computer Entertainment Europe
85,55519,Sony Computer Entertainment Europe
819,55519,Sony Computer Entertainment Europe
809,55519,Sony Computer Entertainment Europe
7161,55519,Sony Computer Entertainment Europe
5582,55519,Sony Computer Entertainment Europe
4539,55519,Sony Computer Entertainment Europe
5166,55519,Sony Computer Entertainment Europe
7616,55519,Sony Computer Entertainment Europe
11180,55519,Sony Computer Entertainment Europe
7153,55519,Sony Computer Entertainment Europe
7152,55519,Sony Computer Entertainment Europe
11787,55519,Sony Computer Entertainment Europe
8171,55519,Sony Computer Entertainment Europe
34172,55519,Sony Computer Entertainment Europe
17612,55519,Sony Computer Entertainment Europe
23,55519,Sony Computer Entertainment Europe
32,55521,Sony Computer Entertainment
94,55521,Sony Computer Entertainment
809,55521,Sony Computer Entertainment
301,55521,Sony Computer Entertainment
911,55521,Sony Computer Entertainment
6358,55521,Sony Computer Entertainment
888,55521,Sony Computer Entertainment
7161,55521,Sony Computer Entertainment
4539,55521,Sony Computer Entertainment
4541,55521,Sony Computer Entertainment
8012,55521,Sony Computer Entertainment
6358,55521,Sony Computer Entertainment
6931,55521,Sony Computer Entertainment
11798,55521,Sony Computer Entertainment
6980,55521,Sony Computer Entertainment
18830,55521,Sony Computer Entertainment
16077,55521,Sony Computer Entertainment
10001,55521,Sony Computer Entertainment
12117,55521,Sony Computer Entertainment
12475,55521,Sony Computer Entertainment
17105,55521,Sony Computer Entertainment
12866,55521,Sony Computer Entertainment
33051,55521,Sony Computer Entertainment
34003,55521,Sony Computer Entertainment
13542,55521,Sony Computer Entertainment
11591,55521,Sony Computer Entertainment
14817,55521,Sony Computer Entertainment
13763,55521,Sony Computer Entertainment
33271,55521,Sony Computer Entertainment
33,55521,Sony Computer Entertainment
3428,55522,Microsoft Studios
17253,55522,Microsoft Studios
17562,55522,Microsoft Studios
16910,55522,Microsoft Studios
40,55523,Konami
187,55523,Konami
42,55523,Konami
528,55523,Konami
41,55523,Konami
538,55523,Konami
838,55523,Konami
3470,55523,Konami
3692,55523,Konami
3709,55523,Konami
6091,55523,Konami
3645,55523,Konami
4542,55523,Konami
5030,55523,Konami
3710,55523,Konami
5650,55523,Konami
984,55523,Konami
4510,55523,Konami
7333,55523,Konami
4543,55523,Konami
6903,55523,Konami
3721,55523,Konami
7063,55523,Konami
5131,55523,Konami
7071,55523,Konami
6091,55523,Konami
6808,55523,Konami
7332,55523,Konami
10707,55523,Konami
7103,55523,Konami
7130,55523,Konami
8836,55523,Konami
8837,55523,Konami
11962,55523,Konami
8835,55523,Konami
9552,55523,Konami
10559,55523,Konami
34319,55523,Konami
19170,55523,Konami
7707,55523,Konami
12008,55523,Konami
10700,55523,Konami
26643,55523,Konami
11302,55523,Konami
8234,55523,Konami
11519,55523,Konami
11991,55523,Konami
11533,55523,Konami
11567,55523,Konami
13140,55523,Konami
13271,55523,Konami
9419,55523,Konami
13335,55523,Konami
11868,55523,Konami
11532,55523,Konami
10454,55523,Konami
20788,55523,Konami
18474,55523,Konami
23648,55523,Konami
11866,55523,Konami
94803,55523,Konami
11534,55523,Konami
27575,55523,Konami
29113,55523,Konami
598,55523,Konami
16204,55523,Konami
16404,55523,Konami
13579,55523,Konami
13674,55523,Konami
14566,55523,Konami
529,55524,Tecmo
46,55524,Tecmo
5829,55524,Tecmo
3975,55524,Tecmo
5783,55524,Tecmo
6878,55524,Tecmo
6877,55524,Tecmo
14133,55524,Tecmo
6955,55524,Tecmo
6956,55524,Tecmo
12308,55524,Tecmo
12048,55524,Tecmo
11056,55524,Tecmo
12323,55524,Tecmo
15043,55524,Tecmo
12452,55524,Tecmo
969,55526,Eidos Interactive
536,55526,Eidos Interactive
3479,55526,Eidos Interactive
4586,55526,Eidos Interactive
2143,55526,Eidos Interactive
5099,55526,Eidos Interactive
5647,55526,Eidos Interactive
4208,55526,Eidos Interactive
4188,55526,Eidos Interactive
5624,55526,Eidos Interactive
5136,55526,Eidos Interactive
5210,55526,Eidos Interactive
3646,55526,Eidos Interactive
8392,55526,Eidos Interactive
6644,55526,Eidos Interactive
5583,55526,Eidos Interactive
3947,55526,Eidos Interactive
9856,55526,Eidos Interactive
5702,55526,Eidos Interactive
11412,55526,Eidos Interactive
10666,55526,Eidos Interactive
5843,55526,Eidos Interactive
11274,55526,Eidos Interactive
5175,55526,Eidos Interactive
6601,55526,Eidos Interactive
7752,55526,Eidos Interactive
13319,55526,Eidos Interactive
8227,55526,Eidos Interactive
13420,55526,Eidos Interactive
9061,55526,Eidos Interactive
7680,55526,Eidos Interactive
10253,55526,Eidos Interactive
9066,55526,Eidos Interactive
7195,55526,Eidos Interactive
7198,55526,Eidos Interactive
8087,55526,Eidos Interactive
16788,55526,Eidos Interactive
11054,55526,Eidos Interactive
10463,55526,Eidos Interactive
9281,55526,Eidos Interactive
10464,55526,Eidos Interactive
9464,55526,Eidos Interactive
10448,55526,Eidos Interactive
11343,55526,Eidos Interactive
734,55526,Eidos Interactive
16410,55526,Eidos Interactive
12062,55526,Eidos Interactive
15633,55526,Eidos Interactive
11275,55526,Eidos Interactive
97003,55526,Eidos Interactive
13421,55526,Eidos Interactive
13961,55526,Eidos Interactive
12963,55526,Eidos Interactive
4536,55526,Eidos Interactive
13422,55526,Eidos Interactive
14600,55526,Eidos Interactive
19464,55526,Eidos Interactive
2603,55527,Crystal Dynamics
8620,55527,Crystal Dynamics
10887,55527,Crystal Dynamics
9861,55527,Crystal Dynamics
9745,55527,Crystal Dynamics
10560,55527,Crystal Dynamics
240,55528,Acclaim Entertainment
388,55528,Acclaim Entertainment
381,55528,Acclaim Entertainment
389,55528,Acclaim Entertainment
1193,55528,Acclaim Entertainment
3118,55528,Acclaim Entertainment
380,55528,Acclaim Entertainment
1064,55528,Acclaim Entertainment
1172,55528,Acclaim Entertainment
2297,55528,Acclaim Entertainment
2670,55528,Acclaim Entertainment
5984,55528,Acclaim Entertainment
9073,55528,Acclaim Entertainment
4339,55528,Acclaim Entertainment
4666,55528,Acclaim Entertainment
6999,55528,Acclaim Entertainment
7310,55528,Acclaim Entertainment
13309,55528,Acclaim Entertainment
11999,55528,Acclaim Entertainment
14326,55528,Acclaim Entertainment
10187,55528,Acclaim Entertainment
11454,55528,Acclaim Entertainment
11173,55528,Acclaim Entertainment
11177,55528,Acclaim Entertainment
10878,55528,Acclaim Entertainment
16544,55528,Acclaim Entertainment
9476,55528,Acclaim Entertainment
11383,55528,Acclaim Entertainment
13789,55528,Acclaim Entertainment
12622,55528,Acclaim Entertainment
12655,55528,Acclaim Entertainment
14764,55528,Acclaim Entertainment
2189,55529,Funcom
8640,55529,Funcom
32171,55529,Funcom
776,55530,Atari
2725,55530,Atari
3603,55530,Atari
829,55530,Atari
3772,55530,Atari
3758,55530,Atari
3941,55530,Atari
3770,55530,Atari
4677,55530,Atari
8729,55530,Atari
7007,55530,Atari
7058,55530,Atari
6858,55530,Atari
12497,55530,Atari
8001,55530,Atari
8726,55530,Atari
8637,55530,Atari
10203,55530,Atari
10373,55530,Atari
777,55530,Atari
12177,55530,Atari
16472,55530,Atari
12178,55530,Atari
93,55532,Activision
145,55532,Activision
1141,55532,Activision
963,55532,Activision
6299,55532,Activision
5774,55532,Activision
6333,55532,Activision
3477,55532,Activision
4202,55532,Activision
793,55532,Activision
623,55532,Activision
924,55532,Activision
2488,55532,Activision
625,55532,Activision
4982,55532,Activision
5135,55532,Activision
840,55532,Activision
3895,55532,Activision
6865,55532,Activision
3895,55532,Activision
7760,55532,Activision
5078,55532,Activision
5774,55532,Activision
7750,55532,Activision
2770,55532,Activision
5395,55532,Activision
9557,55532,Activision
8807,55532,Activision
5717,55532,Activision
5844,55532,Activision
6691,55532,Activision
4983,55532,Activision
3986,55532,Activision
5027,55532,Activision
5775,55532,Activision
9728,55532,Activision
9863,55532,Activision
7270,55532,Activision
10513,55532,Activision
6354,55532,Activision
12130,55532,Activision
7268,55532,Activision
7764,55532,Activision
7842,55532,Activision
7410,55532,Activision
12556,55532,Activision
7986,55532,Activision
7737,55532,Activision
5742,55532,Activision
9373,55532,Activision
7985,55532,Activision
24931,55532,Activision
29318,55532,Activision
29320,55532,Activision
9558,55532,Activision
8032,55532,Activision
8059,55532,Activision
14595,55532,Activision
7405,55532,Activision
11311,55532,Activision
11308,55532,Activision
7763,55532,Activision
15748,55532,Activision
11225,55532,Activision
10503,55532,Activision
16411,55532,Activision
12072,55532,Activision
11525,55532,Activision
12728,55532,Activision
17094,55532,Activision
17127,55532,Activision
13396,55532,Activision
23219,55532,Activision
2194,55532,Activision
31868,55532,Activision
13834,55532,Activision
13886,55532,Activision
15889,55532,Activision
11836,55532,Activision
112128,55532,Activision
13967,55532,Activision
4718,55532,Activision
31652,55532,Activision
14039,55532,Activision
12496,55532,Activision
12568,55532,Activision
33048,55532,Activision
16775,55532,Activision
16797,55532,Activision
83,55533,Bethesda Softworks
105,55533,Bethesda Softworks
294,55533,Bethesda Softworks
871,55533,Bethesda Softworks
2295,55533,Bethesda Softworks
5192,55533,Bethesda Softworks
6308,55533,Bethesda Softworks
2382,55533,Bethesda Softworks
7981,55533,Bethesda Softworks
6306,55533,Bethesda Softworks
8575,55533,Bethesda Softworks
11071,55533,Bethesda Softworks
10439,55533,Bethesda Softworks
7655,55533,Bethesda Softworks
11513,55533,Bethesda Softworks
7871,55533,Bethesda Softworks
7943,55533,Bethesda Softworks
7980,55533,Bethesda Softworks
12071,55533,Bethesda Softworks
12166,55533,Bethesda Softworks
7851,55533,Bethesda Softworks
12200,55533,Bethesda Softworks
14297,55533,Bethesda Softworks
11021,55533,Bethesda Softworks
10437,55533,Bethesda Softworks
7850,55533,Bethesda Softworks
14296,55533,Bethesda Softworks
23266,55533,Bethesda Softworks
11881,55533,Bethesda Softworks
79364,55533,Bethesda Softworks
29289,55533,Bethesda Softworks
29309,55533,Bethesda Softworks
12148,55533,Bethesda Softworks
64872,55533,Bethesda Softworks
19871,55533,Bethesda Softworks
12201,55533,Bethesda Softworks
115572,55533,Bethesda Softworks
16650,55533,Bethesda Softworks
34808,55533,Bethesda Softworks
12337,55533,Bethesda Softworks
13404,55533,Bethesda Softworks
13405,55533,Bethesda Softworks
7465,55533,Bethesda Softworks
89822,55533,Bethesda Softworks
16450,55533,Bethesda Softworks
16637,55533,Bethesda Softworks
156,55535,Deep Silver
769,55535,Deep Silver
2453,55535,Deep Silver
2342,55535,Deep Silver
3427,55535,Deep Silver
928,55535,Deep Silver
7862,55535,Deep Silver
5037,55535,Deep Silver
10625,55535,Deep Silver
7863,55535,Deep Silver
8209,55535,Deep Silver
24481,55535,Deep Silver
7212,55535,Deep Silver
32814,55535,Deep Silver
34559,55535,Deep Silver
19371,55535,Deep Silver
11966,55535,Deep Silver
16695,55535,Deep Silver
768,55535,Deep Silver
13123,55535,Deep Silver
41598,55535,Deep Silver
12156,55535,Deep Silver
21642,55535,Deep Silver
115632,55535,Deep Silver
34433,55535,Deep Silver
41813,55535,Deep Silver
14974,55535,Deep Silver
16310,55535,Deep Silver
15374,55535,Deep Silver
16311,55535,Deep Silver
34140,55535,Deep Silver
15373,55535,Deep Silver
90065,55535,Deep Silver
92597,55535,Deep Silver
92908,55535,Deep Silver
11984,55536,SCEA
107,55537,Namco
6908,55537,Namco
2192,55537,Namco
10199,55537,Namco
9446,55537,Namco
5913,55537,Namco
7446,55537,Namco
9444,55537,Namco
10202,55537,Namco
295,55538,THQ
781,55538,THQ
4548,55538,THQ
7869,55538,THQ
4550,55538,THQ
3779,55538,THQ
7864,55538,THQ
5155,55538,THQ
6301,55538,THQ
4685,55538,THQ
5121,55538,THQ
5933,55538,THQ
5139,55538,THQ
6974,55538,THQ
5713,55538,THQ
7861,55538,THQ
7870,55538,THQ
7860,55538,THQ
8165,55538,THQ
11890,55538,THQ
8561,55538,THQ
7865,55538,THQ
9509,55538,THQ
8243,55538,THQ
7274,55538,THQ
7388,55538,THQ
11892,55538,THQ
41913,55538,THQ
7815,55538,THQ
11067,55538,THQ
10761,55538,THQ
12660,55538,THQ
183,55538,THQ
12158,55538,THQ
12000,55538,THQ
17806,55538,THQ
12848,55538,THQ
12081,55538,THQ
11661,55538,THQ
12191,55538,THQ
12487,55538,THQ
12143,55538,THQ
12159,55538,THQ
14051,55538,THQ
13932,55538,THQ
4030,55539,Midway Games
4033,55539,Midway Games
7713,55539,Midway Games
7324,55539,Midway Games
8447,55539,Midway Games
11162,55539,Midway Games
77002,55539,Midway Games
16547,55539,Midway Games
887,55546,Blizzard Entertainment
736,55546,Blizzard Entertainment
19975,55546,Blizzard Entertainment
115639,55546,Blizzard Entertainment
19976,55546,Blizzard Entertainment
13800,55546,Blizzard Entertainment
11023,55552,Focus Home Interactive
12309,55552,Focus Home Interactive
8259,55552,Focus Home Interactive
8250,55552,Focus Home Interactive
31052,55552,Focus Home Interactive
13518,55552,Focus Home Interactive
13520,55552,Focus Home Interactive
115644,55552,Focus Home Interactive
87282,55552,Focus Home Interactive
5129,55557,Bandai
13691,55557,Bandai
8976,55558,Atlus
8978,55558,Atlus
8558,55558,Atlus
8977,55558,Atlus
14512,55558,Atlus
8112,55558,Atlus
9428,55558,Atlus
20190,55558,Atlus
12109,55558,Atlus
11557,55558,Atlus
12662,55558,Atlus
10866,55558,Atlus
12960,55558,Atlus
10989,55558,Atlus
16222,55558,Atlus
12102,55558,Atlus
12663,55558,Atlus
125373,55560,SNK
2295,55562,Interplay Entertainment
8027,55562,Interplay Entertainment
7730,55562,Interplay Entertainment
10583,55562,Interplay Entertainment
46101,55562,Interplay Entertainment
4596,55563,3DO
5982,55565,Midway
4032,55565,Midway
4565,55565,Midway
7042,55565,Midway
3999,55565,Midway
7969,55565,Midway
8028,55565,Midway
11161,55565,Midway
12115,55565,Midway
235,55566,Rare
472,55571,Infogrames
3752,55571,Infogrames
11151,55571,Infogrames
7796,55571,Infogrames
23269,55571,Infogrames
10649,55571,Infogrames
14131,55571,Infogrames
4843,55573,Hudson Soft
4843,55573,Hudson Soft
11180,55573,Hudson Soft
9263,55573,Hudson Soft
4603,55579,GameTek
7732,55580,Kemco
12811,55580,Kemco
4196,55582,Interplay
8248,55582,Interplay
6695,55582,Interplay
9772,55582,Interplay
10865,55582,Interplay
27259,55582,Interplay
15750,55582,Interplay
16262,55582,Interplay
16271,55582,Interplay
16545,55582,Interplay
2408,55583,American Softworks
11417,55599,Mindscape
11299,555112,Accolade
573,555112,Accolade
10865,555123,Gremlin Interactive
16262,555123,Gremlin Interactive
16271,555123,Gremlin Interactive
2330,555132,Origin Systems
13945,555132,Origin Systems
8582,555135,Psygnosis
13367,555135,Psygnosis
11790,555135,Psygnosis
12499,555135,Psygnosis
2284,555139,Ascii Entertainment
3719,555142,Sierra On-Line
10579,555142,Sierra On-Line
9730,555142,Sierra On-Line
32395,555142,Sierra On-Line
497,555143,Fox Interactive
5173,555143,Fox Interactive
4336,555143,Fox Interactive
12437,555143,Fox Interactive
14689,555143,Fox Interactive
10306,555143,Fox Interactive
78021,555143,Fox Interactive
11389,555150,Vic Tokai
818,555151,Warner Bros. Interactive Entertainment
6476,555151,Warner Bros. Interactive Entertainment
3668,555151,Warner Bros. Interactive Entertainment
8146,555151,Warner Bros. Interactive Entertainment
6477,555151,Warner Bros. Interactive Entertainment
7180,555151,Warner Bros. Interactive Entertainment
7661,555151,Warner Bros. Interactive Entertainment
12563,555151,Warner Bros. Interactive Entertainment
8081,555151,Warner Bros. Interactive Entertainment
9574,555151,Warner Bros. Interactive Entertainment
8827,555151,Warner Bros. Interactive Entertainment
10442,555151,Warner Bros. Interactive Entertainment
40961,555151,Warner Bros. Interactive Entertainment
11976,555151,Warner Bros. Interactive Entertainment
11469,555151,Warner Bros. Interactive Entertainment
20766,555151,Warner Bros. Interactive Entertainment
11514,555151,Warner Bros. Interactive Entertainment
76322,555151,Warner Bros. Interactive Entertainment
12350,555151,Warner Bros. Interactive Entertainment
31122,555151,Warner Bros. Interactive Entertainment
12500,555151,Warner Bros. Interactive Entertainment
13959,555151,Warner Bros. Interactive Entertainment
22775,555151,Warner Bros. Interactive Entertainment
12019,555151,Warner Bros. Interactive Entertainment
617,555151,Warner Bros. Interactive Entertainment
76323,555151,Warner Bros. Interactive Entertainment
13791,555151,Warner Bros. Interactive Entertainment
737,555162,id Software
4987,555162,id Software
17626,555162,id Software
8767,555162,id Software
17627,555162,id Software
1083,555162,id Software
72309,555162,id Software
4986,555162,id Software
17604,555162,id Software
622,555164,Sierra Entertainment
3602,555164,Sierra Entertainment
3612,555164,Sierra Entertainment
5786,555164,Sierra Entertainment
5091,555164,Sierra Entertainment
5173,555164,Sierra Entertainment
5661,555164,Sierra Entertainment
4336,555164,Sierra Entertainment
5108,555164,Sierra Entertainment
4605,555164,Sierra Entertainment
5930,555164,Sierra Entertainment
5100,555164,Sierra Entertainment
5023,555164,Sierra Entertainment
5907,555164,Sierra Entertainment
7704,555164,Sierra Entertainment
6310,555164,Sierra Entertainment
12740,555164,Sierra Entertainment
7392,555164,Sierra Entertainment
9400,555164,Sierra Entertainment
20358,555164,Sierra Entertainment
5214,555164,Sierra Entertainment
13437,555164,Sierra Entertainment
13239,555164,Sierra Entertainment
404,555165,Gathering of Developers
10263,555165,Gathering of Developers
7697,555165,Gathering of Developers
23275,555165,Gathering of Developers
11082,555165,Gathering of Developers
17260,555165,Gathering of Developers
844,555169,SouthPeak Games
8104,555169,SouthPeak Games
10797,555169,SouthPeak Games
11512,555169,SouthPeak Games
11903,555176,Bethesda
19870,555176,Bethesda
17459,555179,Viva Media
13029,555187,City Interactive
15566,555187,City Interactive
19201,555187,City Interactive
3959,555193,Sierra
3893,555193,Sierra
7179,555193,Sierra
6344,555193,Sierra
5722,555195,Majesco
57,555197,Konami Digital Entertainment
8444,555197,Konami Digital Entertainment
12355,555197,Konami Digital Entertainment
12077,555197,Konami Digital Entertainment
9006,555197,Konami Digital Entertainment
11884,555197,Konami Digital Entertainment
12031,555197,Konami Digital Entertainment
11262,555197,Konami Digital Entertainment
12007,555197,Konami Digital Entertainment
12766,555197,Konami Digital Entertainment
13542,555197,Konami Digital Entertainment
12444,555197,Konami Digital Entertainment
12453,555197,Konami Digital Entertainment
117764,555197,Konami Digital Entertainment
15879,555197,Konami Digital Entertainment
509,555212,Crave Entertainment
7677,555212,Crave Entertainment
5304,555212,Crave Entertainment
5625,555212,Crave Entertainment
9593,555212,Crave Entertainment
33113,555212,Crave Entertainment
13305,555220,Ubi Soft
737,555225,Imagineer
3921,555226,BAM! Entertainment
5156,555226,BAM! Entertainment
11994,555226,BAM! Entertainment
12027,555226,BAM! Entertainment
11151,555228,Take-Two Interactive
9072,555228,Take-Two Interactive
9657,555228,Take-Two Interactive
17260,555228,Take-Two Interactive
4340,555235,Virgin Interactive Entertainment
13895,555235,Virgin Interactive Entertainment
9364,555235,Virgin Interactive Entertainment
9740,555273,Strategic Simulations
574,555287,Playmates Interactive Entertainment
10893,555287,Playmates Interactive Entertainment
2286,555313,Human Entertainment
2284,555313,Human Entertainment
7606,555342,The Adventure Company
7409,555355,Southpeak Interactive
12445,555355,Southpeak Interactive
12819,555355,Southpeak Interactive
3473,555356,Jaleco Entertainment
16398,555360,Aksys Games
10764,555360,Aksys Games
19540,555360,Aksys Games
13499,555360,Aksys Games
7398,555361,Disney Interactive Studios
12810,555361,Disney Interactive Studios
9884,555367,Namco Bandai Games
12005,555367,Namco Bandai Games
12874,555367,Namco Bandai Games
11811,555367,Namco Bandai Games
223,555371,Interplay Productions
2295,555371,Interplay Productions
8881,555371,Interplay Productions
1061,555382,GT Interactive Software
737,555382,GT Interactive Software
3587,555382,GT Interactive Software
1062,555382,GT Interactive Software
6780,555382,GT Interactive Software
9650,555382,GT Interactive Software
3753,555382,GT Interactive Software
8861,555382,GT Interactive Software
9993,555382,GT Interactive Software
11457,555382,GT Interactive Software
30033,555382,GT Interactive Software
1117,555382,GT Interactive Software
77846,555382,GT Interactive Software
8390,555394,MumboJumbo
417,555396,K2 Network
10610,555397,Paradox Interactive
2489,555403,Frictional Games
2415,555403,Frictional Games
14722,555403,Frictional Games
20,555405,1C Company
2295,555405,1C Company
5751,555405,1C Company
7743,555405,1C Company
9095,555405,1C Company
16147,555405,1C Company
2437,555410,CDV Software Entertainment USA
7176,555410,CDV Software Entertainment USA
22884,555410,CDV Software Entertainment USA
13032,555410,CDV Software Entertainment USA
14918,555412,Trion Worlds
14919,555412,Trion Worlds
14920,555412,Trion Worlds
15639,555416,Kalypso Media
2482,555419,Frozenbyte
2483,555419,Frozenbyte
93659,555419,Frozenbyte
1094,555434,Kotobuki System
628,555438,Williams Entertainment
3118,555438,Williams Entertainment
2727,555438,Williams Entertainment
10942,555438,Williams Entertainment
11150,555438,Williams Entertainment
1117,555438,Williams Entertainment
2672,555438,Williams Entertainment
13790,555438,Williams Entertainment
4453,555438,Williams Entertainment
5625,555465,Empire Interactive
4633,555469,Universal Interactive
80547,555472,Hip Games
27263,555474,Majesco Games
5908,555475,Gotham Games
20611,555475,Gotham Games
8815,555479,Ignition Entertainment
8731,555479,Ignition Entertainment
11556,555479,Ignition Entertainment
16335,555479,Ignition Entertainment
12972,555479,Ignition Entertainment
5191,555488,JoWooD Entertainment
2286,555506,Agetec
11369,555506,Agetec
7731,555515,Titus France
86,555525,Sony Computer Entertainment America
85,555525,Sony Computer Entertainment America
819,555525,Sony Computer Entertainment America
7161,555525,Sony Computer Entertainment America
4540,555525,Sony Computer Entertainment America
5582,555525,Sony Computer Entertainment America
4539,555525,Sony Computer Entertainment America
5166,555525,Sony Computer Entertainment America
7616,555525,Sony Computer Entertainment America
9410,555525,Sony Computer Entertainment America
11180,555525,Sony Computer Entertainment America
7153,555525,Sony Computer Entertainment America
7152,555525,Sony Computer Entertainment America
12108,555525,Sony Computer Entertainment America
11787,555525,Sony Computer Entertainment America
8171,555525,Sony Computer Entertainment America
11938,555525,Sony Computer Entertainment America
12909,555525,Sony Computer Entertainment America
34172,555525,Sony Computer Entertainment America
12169,555525,Sony Computer Entertainment America
23,555525,Sony Computer Entertainment America
7153,555554,Sega Corporation
8804,555554,Sega Corporation
4204,555555,Groove Games
4337,555555,Groove Games
7722,555555,Groove Games
23152,555555,Groove Games
12598,555555,Groove Games
4328,555561,Strategy First
13059,555561,Strategy First
5419,555566,Deep Water
4754,555566,Deep Water
4848,555570,Digital Pictures
5574,555570,Digital Pictures
4582,555570,Digital Pictures
4698,555570,Digital Pictures
10182,555570,Digital Pictures
4699,555573,American Laser Games
4601,555574,Kirin Entertainment
12844,555606,Telltale Games
23328,555606,Telltale Games
12495,555606,Telltale Games
17398,555606,Telltale Games
32630,555606,Telltale Games
91357,555606,Telltale Games
5163,555614,Global Star Software
3332,555614,Global Star Software
5163,555614,Global Star Software
5752,555614,Global Star Software
5833,555614,Global Star Software
9395,555614,Global Star Software
16546,555614,Global Star Software
9394,555614,Global Star Software
9396,555614,Global Star Software
9430,555614,Global Star Software
17260,555614,Global Star Software
2157,555619,TopWare Interactive
8181,555619,TopWare Interactive
31242,555619,TopWare Interactive
72868,555619,TopWare Interactive
13665,555619,TopWare Interactive
5304,555637,Conspiracy Entertainment
5317,555639,Cdv Software Entertainment
41135,555647,Xseed Games
72228,555647,Xseed Games
85985,555647,Xseed Games
112524,555647,Xseed Games
16395,555647,Xseed Games
14035,555647,Xseed Games
15239,555647,Xseed Games
14856,555648,NIS America
11952,555648,NIS America
18558,555648,NIS America
11983,555648,NIS America
117819,555648,NIS America
122593,555648,NIS America
14065,555667,505 Games
14900,555667,505 Games
13533,555667,505 Games
20125,555667,505 Games
17303,555667,505 Games
12836,555667,505 Games
16118,555667,505 Games
12010,555667,505 Games
12101,555667,505 Games
17199,555667,505 Games
122172,555667,505 Games
6304,555675,D3Publisher
13523,555675,D3Publisher
13524,555675,D3Publisher
5662,555677,Ertain
48533,555680,Playdead
15661,555681,Sony Online Entertainment
9570,555697,Aspyr
19,555699,Valve
620,555699,Valve
2346,555699,Valve
3204,555699,Valve
624,555699,Valve
6167,555699,Valve
3977,555699,Valve
7845,555699,Valve
8540,555699,Valve
7508,555699,Valve
9051,555699,Valve
14136,555699,Valve
10363,555699,Valve
9985,555699,Valve
140,555699,Valve
10507,555699,Valve
17603,555699,Valve
1502,555699,Valve
17532,555699,Valve
6168,555699,Valve
17602,555699,Valve
51,555726,Ubisoft Entertainment
5655,555726,Ubisoft Entertainment
4494,555726,Ubisoft Entertainment
4205,555726,Ubisoft Entertainment
4180,555726,Ubisoft Entertainment
3991,555726,Ubisoft Entertainment
4327,555726,Ubisoft Entertainment
4739,555726,Ubisoft Entertainment
5586,555726,Ubisoft Entertainment
3990,555726,Ubisoft Entertainment
4181,555726,Ubisoft Entertainment
4528,555726,Ubisoft Entertainment
6306,555726,Ubisoft Entertainment
6740,555726,Ubisoft Entertainment
10443,555726,Ubisoft Entertainment
6183,555726,Ubisoft Entertainment
4714,555726,Ubisoft Entertainment
5649,555726,Ubisoft Entertainment
6845,555726,Ubisoft Entertainment
34434,555726,Ubisoft Entertainment
7322,555726,Ubisoft Entertainment
11313,555726,Ubisoft Entertainment
10305,555726,Ubisoft Entertainment
11881,555726,Ubisoft Entertainment
11305,555726,Ubisoft Entertainment
11954,555726,Ubisoft Entertainment
11306,555726,Ubisoft Entertainment
17581,555726,Ubisoft Entertainment
18789,555726,Ubisoft Entertainment
12074,555726,Ubisoft Entertainment
65073,555726,Ubisoft Entertainment
10572,555726,Ubisoft Entertainment
22009,555726,Ubisoft Entertainment
114761,555726,Ubisoft Entertainment
11925,555726,Ubisoft Entertainment
119119,555726,Ubisoft Entertainment
14899,555726,Ubisoft Entertainment
19234,555726,Ubisoft Entertainment
14350,555790,UFO Interactive Games
9858,555796,Mastiff
5141,555798,Black Label Games
7046,555798,Black Label Games
10433,555798,Black Label Games
7696,555798,Black Label Games
8390,555798,Black Label Games
7299,555810,Deep Silver Vienna
925,555820,2K
5215,555820,2K
17080,555820,2K
11101,555831,Exor Studios
3602,555832,Vivendi Universal Games
5786,555832,Vivendi Universal Games
4515,555832,Vivendi Universal Games
5648,555832,Vivendi Universal Games
5661,555832,Vivendi Universal Games
5930,555832,Vivendi Universal Games
5585,555832,Vivendi Universal Games
5810,555832,Vivendi Universal Games
7704,555832,Vivendi Universal Games
6961,555832,Vivendi Universal Games
9400,555832,Vivendi Universal Games
17477,555832,Vivendi Universal Games
15383,555832,Vivendi Universal Games
13479,555832,Vivendi Universal Games
13478,555832,Vivendi Universal Games
737,555840,CDV Software
7720,555847,MC2-Microïds
8733,555847,MC2-Microïds
13001,555853,Talonsoft
7824,555853,Talonsoft
8359,555875,Telltale
23478,555875,Telltale
118180,555878,The Farm 51
8097,555879,Creative Edge Studios
8106,555881,Nicolas Entertainment Group
922,555882,Tripwire Interactive
8114,555882,Tripwire Interactive
17180,555882,Tripwire Interactive
104345,555882,Tripwire Interactive
16261,555882,Tripwire Interactive
8131,555885,Vogster Entertainment
8108,555897,Akella
9834,555909,Larian Studios
13586,555909,Larian Studios
56309,555909,Larian Studios
17053,555909,Larian Studios
118677,555909,Larian Studios
8968,555915,Nordic Games
10699,555915,Nordic Games
14125,555915,Nordic Games
8651,555933,Paleo Entertainment
9070,555974,989 Studios
8970,555975,D-Dub
85076,555976,Alchemist
13797,5551021,ValuSoft
3987,5551025,Majesco Sales
3988,5551025,Majesco Sales
5721,5551025,Majesco Sales
7035,5551026,FromSoftware
11565,5551026,FromSoftware
7381,5551026,FromSoftware
12673,5551026,FromSoftware
18918,5551026,FromSoftware
27499,5551026,FromSoftware
12672,5551026,FromSoftware
41103,5551026,FromSoftware
9467,5551038,Gathering
9335,5551038,Gathering
32580,5551043,Rebellion Developments
5929,5551062,Aspyr Media
7674,5551062,Aspyr Media
8124,5551062,Aspyr Media
71735,5551090,Revolution software
10128,5551131,Ritual Entertainment
5107,5551138,Majesco Entertainment
12472,5551138,Majesco Entertainment
23243,5551138,Majesco Entertainment
45290,5551138,Majesco Entertainment
13380,5551138,Majesco Entertainment
51114,5551138,Majesco Entertainment
11516,5551144,Tecmo Koei
11990,5551144,Tecmo Koei
14553,5551144,Tecmo Koei
16414,5551144,Tecmo Koei
14348,5551144,Tecmo Koei
14552,5551144,Tecmo Koei
17098,5551144,Tecmo Koei
10402,5551170,Hothead Games
15668,5551170,Hothead Games
10403,5551170,Hothead Games
15665,5551170,Hothead Games
90410,5551170,Hothead Games
22884,5551182,dtp entertainment
2353,5551184,Bohemia Interactive
10728,5551184,Bohemia Interactive
8154,5551184,Bohemia Interactive
15632,5551184,Bohemia Interactive
10489,5551184,Bohemia Interactive
11217,5551184,Bohemia Interactive
27778,5551184,Bohemia Interactive
10493,5551186,2 Dawn Games
3587,5551187,FormGen
20389,5551187,FormGen
744,5551191,Epic Games
3752,5551191,Epic Games
775,5551191,Epic Games
10711,5551215,Grinding Gear Games
117548,5551217,Arc System Works
74938,5551217,Arc System Works
30241,5551222,Gameloft
88112,5551222,Gameloft
19448,5551222,Gameloft
72853,5551224,Graffiti Entertainment
78335,5551226,ESP Software
5835,5551239,DreamCatcher Interactive
5191,5551239,DreamCatcher Interactive
5760,5551239,DreamCatcher Interactive
11111,5551239,DreamCatcher Interactive
12478,5551239,DreamCatcher Interactive
3327,5551240,Microids
3989,5551240,Microids
8814,5551240,Microids
20356,5551240,Microids
16242,5551240,Microids
12474,5551240,Microids
16194,5551240,Microids
90505,5551240,Microids
4190,5551242,Rising Star Games
12544,5551242,Rising Star Games
21931,5551242,Rising Star Games
11338,5551245,Deep
11507,5551255,Surge
14906,5551274,345 Games
11905,5551276,Gathering Developers
14574,5551282,Konami Computer Entertainment
12087,5551290,Funsta
6497,5551305,Gamecock Media Group
12363,5551305,Gamecock Media Group
12441,5551321,Codemasters Software
6319,5551321,Codemasters Software
7720,5551328,Dream Catcher Interactive
850,5551335,Namco Bandai Games America
11812,5551335,Namco Bandai Games America
19184,5551335,Namco Bandai Games America
7321,5551335,Namco Bandai Games America
770,5551352,Devolver Digital
771,5551352,Devolver Digital
6462,5551352,Devolver Digital
5273,5551352,Devolver Digital
5271,5551352,Devolver Digital
5272,5551352,Devolver Digital
29239,5551352,Devolver Digital
23127,5551352,Devolver Digital
71456,5551352,Devolver Digital
13495,5551352,Devolver Digital
26237,5551352,Devolver Digital
54355,5551352,Devolver Digital
23269,5551356,5pb.
755,5551382,Bethesda Softworks LLC
3610,5551382,Bethesda Softworks LLC
8188,5551382,Bethesda Softworks LLC
8652,5551382,Bethesda Softworks LLC
11077,5551382,Bethesda Softworks LLC
10279,5551382,Bethesda Softworks LLC
16483,5551382,Bethesda Softworks LLC
13652,5551382,Bethesda Softworks LLC
407,5551382,Bethesda Softworks LLC
18501,5551382,Bethesda Softworks LLC
88913,5551382,Bethesda Softworks LLC
72656,5551385,Daedalic Entertainment
14104,5551430,ARUSH Entertainment
15781,5551433,Reef Entertainment
15782,5551433,Reef Entertainment
23275,5551462,Philips Interactive Media
5026,5551469,ND Games
8080,5551469,ND Games
16042,5551476,Grasshopper Manufacture
15810,5551480,Lexis Numerique
15199,5551502,Unknown Worlds Entertainment
15278,5551504,Evolved Games
15634,5551521,Eidos  Interactive
903,5551524,Klei Entertainment
8727,5551524,Klei Entertainment
11187,5551524,Klei Entertainment
8080,5551526,bitComposer Games
15862,5551532,Ratloop
16040,5551537,Digital Reality Publishing
895,5551543,Sega of America
2144,5551543,Sega of America
3406,5551543,Sega of America
5419,5551543,Sega of America
4664,5551543,Sega of America
10204,5551543,Sega of America
4715,5551543,Sega of America
5299,5551543,Sega of America
12347,5551543,Sega of America
11671,5551543,Sega of America
12006,5551550,Rebellion
9507,5551550,Rebellion
80620,5551550,Rebellion
31520,5551550,Rebellion
18325,5551550,Rebellion
16423,5551581,Torn Banner Studios
8123,5551582,Fatshark
16482,5551594,Bossa Studios
16777,5551651,Eutechnyx
1048,5551660,SCi Games
5093,5551660,SCi Games
5664,5551660,SCi Games
9156,5551660,SCi Games
22884,5551684,1C-SoftClub
16562,5551704,Techland
9695,5551728,Gaijin Entertainment
7164,5551737,CI Games
30773,5551737,CI Games
908,5551737,CI Games
33873,5551737,CI Games
7720,5551770,MC2 France
122273,5551804,3909
17187,5551805,Little Orbit
26638,5551843,Saibot Studios
12960,5551852,Success
20795,5551881,Idea Factory
13368,5551881,Idea Factory
4190,5551882,Spike
12203,5551882,Spike
7176,5551882,Spike
7306,5551882,Spike
11514,5551882,Spike
17612,5551882,Spike
12029,5551882,Spike
13032,5551882,Spike
5612,5551914,Midway Home Entertainment
1115,5551914,Midway Home Entertainment
1198,5551914,Midway Home Entertainment
4031,5551914,Midway Home Entertainment
5132,5551914,Midway Home Entertainment
3475,5551914,Midway Home Entertainment
4030,5551914,Midway Home Entertainment
1038,5551914,Midway Home Entertainment
7746,5551914,Midway Home Entertainment
6711,5551914,Midway Home Entertainment
1116,5551914,Midway Home Entertainment
4566,5551914,Midway Home Entertainment
2768,5551914,Midway Home Entertainment
4559,5551914,Midway Home Entertainment
6347,5551914,Midway Home Entertainment
6605,5551914,Midway Home Entertainment
5611,5551914,Midway Home Entertainment
7745,5551914,Midway Home Entertainment
6855,5551914,Midway Home Entertainment
9404,5551914,Midway Home Entertainment
7717,5551914,Midway Home Entertainment
9243,5551914,Midway Home Entertainment
10260,5551914,Midway Home Entertainment
11138,5551914,Midway Home Entertainment
11457,5551914,Midway Home Entertainment
11163,5551914,Midway Home Entertainment
16402,5551914,Midway Home Entertainment
10873,5551914,Midway Home Entertainment
12978,5551914,Midway Home Entertainment
12306,5551914,Midway Home Entertainment
10424,5551914,Midway Home Entertainment
47824,5551914,Midway Home Entertainment
14377,5551914,Midway Home Entertainment
16542,5551914,Midway Home Entertainment
12673,5551957,Mega Enterprise
19193,5552008,PSN
6304,5552058,D3Publisher of Europe
19763,5552099,Zombie Studios
8980,5552140,MangaGamer
34792,5552140,MangaGamer
20212,5552140,MangaGamer
112431,5552209,tinyBuild
5304,5552219,Kadokawa Shoten
73689,5552254,Koei Tecmo Games
26556,5552254,Koei Tecmo Games
13423,5552254,Koei Tecmo Games
91500,5552317,New World Interactive
124822,5552476,Merge Games
23127,5552492,Nubee Tokyo
124745,5552496,Gungho Online Entertainment
117541,5552512,Expansive Worlds
30509,5552515,Red Mile Entertainment
72868,5552577,ACE
87177,5552608,Idea Factory International
113393,5552608,Idea Factory International
24231,5552610,Digital Confectioners
12845,5552613,Koei Tecmo
40443,5552687,WizardWorks Software
8049,5552765,Frozen Sand
16294,5552788,Digital Extremes
8107,5552815,Daybreak Game Company
21700,5552872,Sekai Project
73995,5552911,Alice Soft
26815,5552959,Tantrum Entertainment
4435,5552988,Strata
830,5553018,Atlus USA
11977,5553018,Atlus USA
16342,5553018,Atlus USA
14429,5553036,Playlogic Entertainment
12478,5553119,Wanadoo Edition
875,5553276,GSC Game World
98,5553276,GSC Game World
772,5553276,GSC Game World
6601,5553280,Virgin PLAY
30607,5553291,PQube
117962,5553291,PQube
118989,5553291,PQube
125249,5553291,PQube
85076,5553291,PQube
11553,5553331,koch Media
7176,5553331,koch Media
13032,5553331,koch Media
8103,5553345,Signo & Arte
3753,5553371,Infogrames Europe
5150,5553412,Activision Publishing
7282,5553412,Activision Publishing
12673,5553412,Activision Publishing
12709,5553412,Activision Publishing
11993,5553412,Activision Publishing
11484,5553412,Activision Publishing
12371,5553412,Activision Publishing
23653,5553412,Activision Publishing
27258,5553412,Activision Publishing
16147,5553412,Activision Publishing
31870,5553413,Critical Force Entertainment
1048,5553472,Titus Interactive
913,5553516,CD Projekt Red
32746,5553516,CD Projekt Red
12478,5553529,Cryo Interactive Entertainment
574,5553532,BMG Interactive Entertainment
2408,5553532,BMG Interactive Entertainment
117898,5553635,MidBoss
33933,5553644,Offworld industries
34325,5553701,Lockwood Publishing
11918,5553733,Feral Interactive
10414,5553787,Bandai Namco Entertainment
41103,5553787,Bandai Namco Entertainment
68005,5553815,Entertainment Software Publishing
856,5553850,THQ Nordic
10401,5553850,THQ Nordic
8113,5553850,THQ Nordic
118000,5553850,THQ Nordic
17132,5553850,THQ Nordic
8914,5553933,Running With Scissors
59025,5553968,Question
17769,5553974,Crate Entertainment
61708,5554003,Gearbox Publishing
16727,5554056,CD Projekt
15977,5554056,CD Projekt
3943,5554237,Ubi Soft Entertainment Software
9264,5554269,AKA Acclaim
5726,5554269,AKA Acclaim
6652,5554269,AKA Acclaim
117896,5554272,HypeTrain Digital
3953,5554333,Nightdive Studios
33439,5554333,Nightdive Studios
113176,5554557,Those Awesome Guys
72891,5554593,Phosphor Games
73100,5554672,THE BROTHERHOOD
790,5554686,AQ Interactive
4677,5554686,AQ Interactive
12972,5554686,AQ Interactive
122582,5554762,CIRCLE Entertainment
10343,5555016,Four Leaf Studios
104432,5555039,Vision Games
118485,5555226,Blue Wizard Digital
78632,5555288,Badfly Interactive
117541,5555388,Avalanche Studios
80222,5555508,Feardemic
22294,5555577,The Astronauts
124791,5555759,Sony Interactive Entertainment
122172,5555759,Sony Interactive Entertainment
18961,5555759,Sony Interactive Entertainment
17903,5555877,Empire Interactive Entertainment
101756,5556341,Inscape
79071,5556375,Wales Interactive
567,5556383,Square Electronic Arts
70,5556808,Funcom Oslo
5173,5557068,NDA Productions
90111,5557185,Turmoil Games
10481,5557321,Parsec Productions
6601,5557389,Secret Stash Games
7306,5557389,Secret Stash Games
3669,5557401,Missing Link Games
32580,5557449,Sold Out
23030,5557461,Infinitap Games
5276,5557488,Good Shepherd Entertainment
113105,5557597,Ska Studios
112935,5557622,Akupara Games
13432,5557934,Frogwares
7656,5557938,Night Dive Studios
71845,5557938,Night Dive Studios
93917,5558010,VCA Interactive
114761,5558162,Russobit-M
97779,5558584,Balcony Team
8146,5558849,Kadokawa Games
11469,5558849,Kadokawa Games
15238,5558849,Kadokawa Games
12478,5558893,Canal+Multimédia
9573,5559092,Paul Schneider
79350,5559371,Digital Reality
12474,5559574,index+
12478,5559574,index+
109852,5559712,Toadman Interactive
12306,5559716,Aruze
78136,5559719,Skybound Games
14906,5559720,Spike Games
106195,5559856,RYM GAMES
117825,5559858,Tales Translations
119171,55510110,Winged Cloud
8125,55510323,DiezelPower
12705,55510363,Crowbar Collective
110153,55510368,D'Avekki Studios Ltd
9243,55510389,Softbank
85985,55510542,Marvelous USA
112524,55510542,Marvelous USA
12760,55510662,HandyGames
21652,55510662,HandyGames
14646,55510662,HandyGames
84802,55510662,HandyGames
95490,55510688,SureAI
118973,55510995,Illusion
9696,55511000,Bitbox S.L.
115348,55511062,Neko Climax Studios
11185,55511150,Xbox Game Studios
22897,55511150,Xbox Game Studios
17272,55511150,Xbox Game Studios
118169,55511720,Comedy Central Games
812,55511873,Techland Publishing
5025,55511873,Techland Publishing
16582,55511873,Techland Publishing
119355,55511958,Studio Gamaii
22884,55513653,Snowball Studios
124847,55513769,Tendogames
13897,55514279,Mr. Game
116017,55514505,Humble Games
2117,55514870,THQ Nordic GmbH
5036,55514870,THQ Nordic GmbH
8455,55514870,THQ Nordic GmbH
8246,55514870,THQ Nordic GmbH
9105,55514870,THQ Nordic GmbH
9369,55514870,THQ Nordic GmbH
53510,55514870,THQ Nordic GmbH
11215,55514870,THQ Nordic GmbH
21641,55514870,THQ Nordic GmbH
100802,55514998,Ziggurat Interactive
16343,55514998,Ziggurat Interactive
13521,55515023,Nacon
6907,55515173,Namco Hometek
6908,55515173,Namco Hometek
10199,55515173,Namco Hometek
5768,55515173,Namco Hometek
6666,55515173,Namco Hometek
10202,55515173,Namco Hometek
8158,55515176,Climax Group
16612,55515240,WZOGI
94803,55515765,Noviy Disk
11369,55516707,UEP Systems
34457,55517199,None
12478,55517304,France Télécom Multimédia
187,55517370,Konami of America
4510,55517370,Konami of America
2160,55517408,Apogee Entertainment
5255,55517408,Apogee Entertainment
1062,55517451,GT Interactive Software Europe
13790,55517451,GT Interactive Software Europe
17038,55517831,Ziggurat
17468,55518167,Aksys Games Localization
12544,55518167,Aksys Games Localization
13368,55518167,Aksys Games Localization
50068,55518167,Aksys Games Localization
8704,55518256,38 Studios
11670,55518256,38 Studios
2295,55518329,Sold Out Sales & Marketing
15774,55518794,Lexis Numérique
14701,55518794,Lexis Numérique
15811,55518794,Lexis Numérique
13191,55518942,Valiant Entertainment
3406,55519026,Sega Enterprises
4664,55519026,Sega Enterprises
807,55519304,Prime Matter
8105,55519304,Prime Matter
8126,55519304,Prime Matter
13969,55519333,Aspyre Media
6907,55519430,Namco Europe
6908,55519430,Namco Europe
5768,55519430,Namco Europe
6666,55519430,Namco Europe
10202,55519430,Namco Europe
10573,55519591,WizardWorks Group
13897,55519756,Crazy Games
115178,55519944,Focus Entertainment
16374,55519944,Focus Entertainment
4190,55520327,Marvelous Interactive
33405,55520415,caiys
14053,55521103,SNEG
2297,55521105,Acclaim Japan
9476,55521105,Acclaim Japan
12246,55521215,CE Europe
3118,55521225,Playtronic Industrial
8728,55521230,Atari Interactive
4510,55521273,Konami of Europe
3741,55521284,Virgin Interactive Entertainment (Europe)
5163,55521294,Take-Two Interactive Software
5163,55521294,Take-Two Interactive Software
3753,55521297,Novitas
44102,55521408,Fujicom
24097,55521428,Bandai Namco Games America
33265,55521428,Bandai Namco Games America
8526,55521439,Index Digital Media
11553,55521439,Index Digital Media
6304,55521488,D3Publisher of America
32,55521500,Ak Tronic Software & Services
5655,55521500,Ak Tronic Software & Services
85,55521500,Ak Tronic Software & Services
3428,55521500,Ak Tronic Software & Services
5132,55521500,Ak Tronic Software & Services
7187,55521500,Ak Tronic Software & Services
11480,55521500,Ak Tronic Software & Services
11513,55521500,Ak Tronic Software & Services
8522,55521500,Ak Tronic Software & Services
24097,55521500,Ak Tronic Software & Services
7176,55521500,Ak Tronic Software & Services
12197,55521500,Ak Tronic Software & Services
12901,55521500,Ak Tronic Software & Services
34434,55521500,Ak Tronic Software & Services
11068,55521500,Ak Tronic Software & Services
11313,55521500,Ak Tronic Software & Services
11881,55521500,Ak Tronic Software & Services
10698,55521500,Ak Tronic Software & Services
12445,55521500,Ak Tronic Software & Services
17581,55521500,Ak Tronic Software & Services
909,55521500,Ak Tronic Software & Services
12074,55521500,Ak Tronic Software & Services
12301,55521500,Ak Tronic Software & Services
11073,55521500,Ak Tronic Software & Services
12296,55521500,Ak Tronic Software & Services
8804,55521560,K.E. Media
2297,55521566,Tec Toy Indústria de Brinquedos
5419,55521566,Tec Toy Indústria de Brinquedos
4664,55521566,Tec Toy Indústria de Brinquedos
9650,55521566,Tec Toy Indústria de Brinquedos
8861,55521566,Tec Toy Indústria de Brinquedos
9243,55521566,Tec Toy Indústria de Brinquedos
4453,55521566,Tec Toy Indústria de Brinquedos
895,55521570,SEGA Europe
2144,55521570,SEGA Europe
10204,55521570,SEGA Europe
6999,55521570,SEGA Europe
4715,55521570,SEGA Europe
11671,55521570,SEGA Europe
18918,55521570,SEGA Europe
850,55521586,Namco Bandai Games Europe
19184,55521586,Namco Bandai Games Europe
2603,55521587,Feral Interactive (Mac)
2603,55521588,Feral Interactive (Linux)
8259,55521589,
15754,55521589,
3647,55521592,Eidos Interactive Corp.
3609,55521592,Eidos Interactive Corp.
8083,55521593,Fulqrum Publishing
13993,55521593,Fulqrum Publishing
103888,55521593,Fulqrum Publishing
108,55521599,Feral Interactive (Mac/Linux)
2454,55521599,Feral Interactive (Mac/Linux)
68288,55521820,Spike Chunsoft Co.
119165,55521820,Spike Chunsoft Co.
72754,55521887,Frontwing USA
73487,55521945,Behaviour Interactive Inc.
105425,55522346,The Imaginarium
7611,55522416,Rockstar New England
914,55522423,HanbitSoft Inc.
76968,55522451,Milan Toth
118382,55522488,Bloober Team NA
3693,55522679,Tecmo Koei America
11669,55522679,Tecmo Koei America
11943,55522679,Tecmo Koei America
15010,55522679,Tecmo Koei America
16198,55522679,Tecmo Koei America
16229,55522775,KaiPrime
5033,55522899,Touchstone Interactive
90687,55522914,League of Sweat
40751,55523302,Dreadlocks
8115,55523304,Dark Energy Digital
858,55523311,Bungie Software Products
8361,55523311,Bungie Software Products
11886,55523311,Bungie Software Products
11513,55523318,ZeniMax Europe
7871,55523318,ZeniMax Europe
3693,55523327,Tecmo Koei Europe
8732,55523345,Playlogic International
10215,55523345,Playlogic International
3587,55523366,3D Realms Entertainment
5286,55523419,Acer TWP
13969,55524079,Lexicon Entertainment UK
43912,55524118,PlayStation PC
4585,55524224,Art Data Interactive
7611,55524251,Rockstar San Diego
7611,55524253,Rockstar Leeds
7611,55524254,Rockstar Games Toronto
8732,55524255,Ignition Entertainment U.S.A.
5304,55524362,Swing! Entertainment Media
33408,55524946,Spilt Milk Studios
12001,55525026,Koch Media
2481,55525153,Phantom EFX
4036,55526046,TEST PUBLISHER
4978,55526140,Io-Interactive
2470,55526140,Io-Interactive
4978,55526140,Io-Interactive
3961,55526140,Io-Interactive
1802,55526140,Io-Interactive
142,55526140,Io-Interactive
12632,55526141,Trilobyte Games
118188,55526725,Alawar
12169,55531704,Sony Computer Entertainment Asia
13897,55532153,AIA USA
13897,55532154,K&W Entertainment
